name,url,priority,category
Google Business Profile,https://www.google.com/business/,P1,Global tech
Bing Places,https://www.bingplaces.com/,P1,Global tech
Apple Maps Connect,https://mapsconnect.apple.com/,P1,Global tech
Yellow Pages South Africa,https://www.yellowpages.co.za/,P1,SA local
Brabys,https://www.brabys.com/,P1,SA local
SA-Venues,https://www.sa-venues.com/,P2,SA local
Snupit,https://www.snupit.co.za/,P2,SA local
Hotfrog South Africa,https://www.hotfrog.co.za/,P2,SA local
Cylex South Africa,https://www.cylex.co.za/,P2,Global review
Yelp ZA,https://biz.yelp.com/,P2,Global review
Foursquare Business,https://business.foursquare.com/,P3,Global app
HERE Map Creator,https://mapcreator.here.com/,P3,Map
Trustpilot Business,https://business.trustpilot.com/,P3,Review
Tripadvisor,https://www.tripadvisor.com/GetOnTripadvisor,P3,Review
Church Angel,https://www.churchangel.com/,P3,Faith
Church Finder Global,https://www.churchfinder.com/,P3,Faith
GoChurch,https://gochurch.org/,P3,Faith
FOR SA,https://forsa.org.za/,P3,Faith
South African Council of Churches,https://sacc.org.za/,P2,Faith
Gateway News,https://www.gatewaynews.co.za/,P2,Christian media
The Christian Post,https://www.christianpost.com/,P2,Christian media
